{
    "timestamp": "2025-10-10T15:36:58.168342",
    "model_type": "Extra Trees",
    "hyperparameters": {
        "n_estimators": 101,
        "max_depth": 17,
        "min_samples_split": 6,
        "min_samples_leaf": 3,
        "max_features": null
    },
    "hyperparameter_optimization": {
        "enabled": true,
        "n_trials": 50
    },
    "data_info": {
        "csv_path": "./embeddings/interno/embeddings_hubert_base_ls960.csv",
        "train_dataset": "interno",
        "test_dataset": "externo",
        "embedding_dim": 768,
        "num_classes": 7,
        "label_to_idx": {
            "Anger": 0,
            "Disgust": 1,
            "Fear": 2,
            "Happiness": 3,
            "Neutral": 4,
            "Sadness": 5,
            "Surprise": 6
        },
        "train_val_segments": 586,
        "test_segments": 2800
    },
    "k_fold_cross_validation": {
        "n_folds": 3,
        "random_state": 42,
        "individual_folds": [
            {
                "acc_micro": 0.7582417582417582,
                "precision_micro": 0.7582417582417582,
                "recall_micro": 0.7582417582417582,
                "f1_micro": 0.7582417582417582,
                "acc_macro": 0.7582417582417582,
                "precision_macro": 0.20154565792149684,
                "recall_macro": 0.2333333333333333,
                "f1_macro": 0.21550415831967462,
                "acc_weighted": 0.7582417582417582,
                "precision_weighted": 0.6984424971002153,
                "recall_weighted": 0.7582417582417582,
                "f1_weighted": 0.7262713611283999,
                "fold": 1
            },
            {
                "acc_micro": 0.8135593220338984,
                "precision_micro": 0.8135593220338984,
                "recall_micro": 0.8135593220338984,
                "f1_micro": 0.8135593220338984,
                "acc_macro": 0.8135593220338984,
                "precision_macro": 0.16271186440677968,
                "recall_macro": 0.2,
                "f1_macro": 0.17943925233644858,
                "acc_weighted": 0.8135593220338984,
                "precision_weighted": 0.6618787704682563,
                "recall_weighted": 0.8135593220338984,
                "f1_weighted": 0.7299223823855536,
                "fold": 2
            },
            {
                "acc_micro": 0.9055944055944056,
                "precision_micro": 0.9055944055944056,
                "recall_micro": 0.9055944055944056,
                "f1_micro": 0.9055944055944056,
                "acc_macro": 0.9055944055944056,
                "precision_macro": 0.1724087484456148,
                "recall_macro": 0.18094718803551954,
                "f1_macro": 0.17654381530800858,
                "acc_weighted": 0.9055944055944056,
                "precision_weighted": 0.8508409153570444,
                "recall_weighted": 0.9055944055944056,
                "f1_weighted": 0.8773573930690383,
                "fold": 3
            }
        ],
        "aggregated_metrics": {
            "acc_micro_mean": 0.8257984952900207,
            "acc_micro_std": 0.06077581038512748,
            "precision_micro_mean": 0.8257984952900207,
            "precision_micro_std": 0.06077581038512748,
            "recall_micro_mean": 0.8257984952900207,
            "recall_micro_std": 0.06077581038512748,
            "f1_micro_mean": 0.8257984952900207,
            "f1_micro_std": 0.06077581038512748,
            "acc_macro_mean": 0.8257984952900207,
            "acc_macro_std": 0.06077581038512748,
            "precision_macro_mean": 0.17888875692463044,
            "precision_macro_std": 0.016502702043443434,
            "recall_macro_mean": 0.20476017378961764,
            "recall_macro_std": 0.02164981132591284,
            "f1_macro_mean": 0.19049574198804395,
            "f1_macro_std": 0.0177230839012956,
            "acc_weighted_mean": 0.8257984952900207,
            "acc_weighted_std": 0.06077581038512748,
            "precision_weighted_mean": 0.7370540609751721,
            "precision_weighted_std": 0.08183240066907173,
            "recall_weighted_mean": 0.8257984952900207,
            "recall_weighted_std": 0.06077581038512748,
            "f1_weighted_mean": 0.7778503788609972,
            "f1_weighted_std": 0.07037787008477643
        }
    },
    "test_results": {
        "acc_micro_mean": 0.14285714285714285,
        "acc_micro_std": 0.0,
        "precision_micro_mean": 0.14285714285714285,
        "precision_micro_std": 0.0,
        "recall_micro_mean": 0.14285714285714285,
        "recall_micro_std": 0.0,
        "f1_micro_mean": 0.14285714285714285,
        "f1_micro_std": 0.0,
        "acc_macro_mean": 0.14285714285714285,
        "acc_macro_std": 0.0,
        "precision_macro_mean": 0.02040816326530612,
        "precision_macro_std": 0.0,
        "recall_macro_mean": 0.14285714285714285,
        "recall_macro_std": 0.0,
        "f1_macro_mean": 0.03571428571428571,
        "f1_macro_std": 0.0,
        "acc_weighted_mean": 0.14285714285714285,
        "acc_weighted_std": 0.0,
        "precision_weighted_mean": 0.02040816326530612,
        "precision_weighted_std": 0.0,
        "recall_weighted_mean": 0.14285714285714285,
        "recall_weighted_std": 0.0,
        "f1_weighted_mean": 0.03571428571428571,
        "f1_weighted_std": 0.0
    },
    "confusion_matrix": {
        "image_path": "results/transfer_learning/confusion_matrix_extra_trees_20251010_153657.png",
        "class_names": [
            "Anger",
            "Disgust",
            "Fear",
            "Happiness",
            "Neutral",
            "Sadness",
            "Surprise"
        ],
        "matrix": [
            [
                0,
                0,
                0,
                0,
                400,
                0,
                0
            ],
            [
                0,
                0,
                0,
                0,
                400,
                0,
                0
            ],
            [
                0,
                0,
                0,
                0,
                400,
                0,
                0
            ],
            [
                0,
                0,
                0,
                0,
                400,
                0,
                0
            ],
            [
                0,
                0,
                0,
                0,
                400,
                0,
                0
            ],
            [
                0,
                0,
                0,
                0,
                400,
                0,
                0
            ],
            [
                0,
                0,
                0,
                0,
                400,
                0,
                0
            ]
        ]
    }
}