{
    "timestamp": "2025-10-06T20:21:46.557007",
    "model_type": "XGBoost",
    "hyperparameters": {
        "objective": "multi:softprob",
        "num_class": 7,
        "eval_metric": "mlogloss",
        "max_depth": 5,
        "learning_rate": 0.05958389350068958,
        "subsample": 0.7159725093210578,
        "colsample_bytree": 0.645614570099021,
        "seed": 42
    },
    "hyperparameter_optimization": {
        "enabled": true,
        "n_trials": 50
    },
    "data_info": {
        "csv_path": "./embeddings/embeddings_wav2vec2_large_xlsr_53_portuguese.csv",
        "embedding_dim": 1024,
        "num_classes": 7,
        "label_to_idx": {
            "Anger": 0,
            "Disgust": 1,
            "Fear": 2,
            "Happiness": 3,
            "Neutral": 4,
            "Sadness": 5,
            "Surprise": 6
        },
        "train_val_segments": 586,
        "test_segments": 185
    },
    "k_fold_cross_validation": {
        "n_folds": 3,
        "random_state": 42,
        "individual_folds": [
            {
                "acc_micro": 0.7637362637362637,
                "precision_micro": 0.7637362637362637,
                "recall_micro": 0.7637362637362637,
                "f1_micro": 0.7637362637362637,
                "acc_macro": 0.7637362637362637,
                "precision_macro": 0.4140461215932914,
                "recall_macro": 0.28645382395382396,
                "f1_macro": 0.3221163604795318,
                "acc_weighted": 0.7637362637362637,
                "precision_weighted": 0.7205059091851546,
                "recall_weighted": 0.7637362637362637,
                "f1_weighted": 0.7326283227466444,
                "fold": 1
            },
            {
                "acc_micro": 0.8135593220338984,
                "precision_micro": 0.8135593220338984,
                "recall_micro": 0.8135593220338984,
                "f1_micro": 0.8135593220338984,
                "acc_macro": 0.8135593220338984,
                "precision_macro": 0.16271186440677968,
                "recall_macro": 0.2,
                "f1_macro": 0.17943925233644858,
                "acc_weighted": 0.8135593220338984,
                "precision_weighted": 0.6618787704682563,
                "recall_weighted": 0.8135593220338984,
                "f1_weighted": 0.7299223823855536,
                "fold": 2
            },
            {
                "acc_micro": 0.916083916083916,
                "precision_micro": 0.916083916083916,
                "recall_micro": 0.916083916083916,
                "f1_micro": 0.916083916083916,
                "acc_macro": 0.916083916083916,
                "precision_macro": 0.13086913086913085,
                "recall_macro": 0.14285714285714285,
                "f1_macro": 0.13660062565172054,
                "acc_weighted": 0.916083916083916,
                "precision_weighted": 0.8392097413076434,
                "recall_weighted": 0.916083916083916,
                "f1_weighted": 0.8759634526057885,
                "fold": 3
            }
        ],
        "aggregated_metrics": {
            "acc_micro_mean": 0.8311265006180261,
            "acc_micro_std": 0.06342400237825456,
            "precision_micro_mean": 0.8311265006180261,
            "precision_micro_std": 0.06342400237825456,
            "recall_micro_mean": 0.8311265006180261,
            "recall_micro_std": 0.06342400237825456,
            "f1_micro_mean": 0.8311265006180261,
            "f1_micro_std": 0.06342400237825456,
            "acc_macro_mean": 0.8311265006180261,
            "acc_macro_std": 0.06342400237825456,
            "precision_macro_mean": 0.23587570562306734,
            "precision_macro_std": 0.1266544189649916,
            "recall_macro_mean": 0.2097703222703223,
            "recall_macro_std": 0.05902878452328689,
            "f1_macro_mean": 0.21271874615590028,
            "f1_macro_std": 0.07930811433405323,
            "acc_weighted_mean": 0.8311265006180261,
            "acc_weighted_std": 0.06342400237825456,
            "precision_weighted_mean": 0.7405314736536847,
            "precision_weighted_std": 0.07376691096023262,
            "recall_weighted_mean": 0.8311265006180261,
            "recall_weighted_std": 0.06342400237825456,
            "f1_weighted_mean": 0.7795047192459954,
            "f1_weighted_std": 0.06821556987150453
        }
    },
    "test_results": {
        "acc_micro_mean": 0.8864864864864865,
        "acc_micro_std": 0.0,
        "precision_micro_mean": 0.8864864864864865,
        "precision_micro_std": 0.0,
        "recall_micro_mean": 0.8864864864864865,
        "recall_micro_std": 0.0,
        "f1_micro_mean": 0.8864864864864865,
        "f1_micro_std": 0.0,
        "acc_macro_mean": 0.8864864864864865,
        "acc_macro_std": 0.0,
        "precision_macro_mean": 0.21904761904761905,
        "precision_macro_std": 0.0,
        "recall_macro_mean": 0.2181571815718157,
        "recall_macro_std": 0.0,
        "f1_macro_mean": 0.21793152766604096,
        "f1_macro_std": 0.0,
        "acc_weighted_mean": 0.8864864864864865,
        "acc_weighted_std": 0.0,
        "precision_weighted_mean": 0.8364478764478765,
        "precision_weighted_std": 0.0,
        "recall_weighted_mean": 0.8864864864864865,
        "recall_weighted_std": 0.0,
        "f1_weighted_mean": 0.8603886267603083,
        "f1_weighted_std": 0.0
    },
    "confusion_matrix": {
        "image_path": "results/confusion_matrix_xgboost_20251006_202146.png",
        "class_names": [
            "Anger",
            "Disgust",
            "Fear",
            "Happiness",
            "Neutral",
            "Sadness",
            "Surprise"
        ],
        "matrix": [
            [
                0,
                0,
                2,
                1,
                0,
                0
            ],
            [
                0,
                0,
                0,
                2,
                0,
                0
            ],
            [
                0,
                0,
                4,
                8,
                0,
                0
            ],
            [
                0,
                0,
                4,
                160,
                0,
                0
            ],
            [
                0,
                0,
                0,
                2,
                0,
                0
            ],
            [
                0,
                0,
                0,
                2,
                0,
                0
            ]
        ]
    }
}