{
    "timestamp": "2025-10-10T19:08:30.248646",
    "model_type": "LightGBM",
    "hyperparameters": {
        "objective": "multiclass",
        "num_class": 7,
        "metric": "multi_logloss",
        "boosting_type": "gbdt",
        "num_leaves": 43,
        "learning_rate": 0.12009811703615902,
        "feature_fraction": 0.696640610911805,
        "bagging_fraction": 0.5653256167561653,
        "bagging_freq": 4,
        "verbose": -1,
        "random_state": 42
    },
    "hyperparameter_optimization": {
        "enabled": true,
        "n_trials": 50
    },
    "data_info": {
        "csv_path": "./embeddings/interno/embeddings_wav2vec2_large_960h_lv60_self.csv",
        "train_dataset": "interno",
        "test_dataset": "externo",
        "embedding_dim": 1024,
        "num_classes": 7,
        "label_to_idx": {
            "Anger": 0,
            "Disgust": 1,
            "Fear": 2,
            "Happiness": 3,
            "Neutral": 4,
            "Sadness": 5,
            "Surprise": 6
        },
        "train_val_segments": 586,
        "test_segments": 2800
    },
    "k_fold_cross_validation": {
        "n_folds": 3,
        "random_state": 42,
        "individual_folds": [
            {
                "acc_micro": 0.7857142857142857,
                "precision_micro": 0.7857142857142857,
                "recall_micro": 0.7857142857142857,
                "f1_micro": 0.7857142857142857,
                "acc_macro": 0.7857142857142857,
                "precision_macro": 0.21203155818540434,
                "recall_macro": 0.20476190476190478,
                "f1_macro": 0.2018426193183475,
                "acc_weighted": 0.7857142857142857,
                "precision_weighted": 0.6844398205344951,
                "recall_weighted": 0.7857142857142857,
                "f1_weighted": 0.7248691132186278,
                "fold": 1
            },
            {
                "acc_micro": 0.8135593220338984,
                "precision_micro": 0.8135593220338984,
                "recall_micro": 0.8135593220338984,
                "f1_micro": 0.8135593220338984,
                "acc_macro": 0.8135593220338984,
                "precision_macro": 0.16271186440677968,
                "recall_macro": 0.2,
                "f1_macro": 0.17943925233644858,
                "acc_weighted": 0.8135593220338984,
                "precision_weighted": 0.6618787704682563,
                "recall_weighted": 0.8135593220338984,
                "f1_weighted": 0.7299223823855536,
                "fold": 2
            },
            {
                "acc_micro": 0.916083916083916,
                "precision_micro": 0.916083916083916,
                "recall_micro": 0.916083916083916,
                "f1_micro": 0.916083916083916,
                "acc_macro": 0.916083916083916,
                "precision_macro": 0.13086913086913085,
                "recall_macro": 0.14285714285714285,
                "f1_macro": 0.13660062565172054,
                "acc_weighted": 0.916083916083916,
                "precision_weighted": 0.8392097413076434,
                "recall_weighted": 0.916083916083916,
                "f1_weighted": 0.8759634526057885,
                "fold": 3
            }
        ],
        "aggregated_metrics": {
            "acc_micro_mean": 0.8384525079440334,
            "acc_micro_std": 0.05605838123032046,
            "precision_micro_mean": 0.8384525079440334,
            "precision_micro_std": 0.05605838123032046,
            "recall_micro_mean": 0.8384525079440334,
            "recall_micro_std": 0.05605838123032046,
            "f1_micro_mean": 0.8384525079440334,
            "f1_micro_std": 0.05605838123032046,
            "acc_macro_mean": 0.8384525079440334,
            "acc_macro_std": 0.05605838123032046,
            "precision_macro_mean": 0.16853751782043827,
            "precision_macro_std": 0.03338950513998272,
            "recall_macro_mean": 0.18253968253968256,
            "recall_macro_std": 0.02812705578836406,
            "f1_macro_mean": 0.1726274991021722,
            "f1_macro_std": 0.02706694689090433,
            "acc_weighted_mean": 0.8384525079440334,
            "acc_weighted_std": 0.05605838123032046,
            "precision_weighted_mean": 0.728509444103465,
            "precision_weighted_std": 0.07881694866733048,
            "recall_weighted_mean": 0.8384525079440334,
            "recall_weighted_std": 0.05605838123032046,
            "f1_weighted_mean": 0.77691831606999,
            "f1_weighted_std": 0.07006586513590658
        }
    },
    "test_results": {
        "acc_micro_mean": 0.14,
        "acc_micro_std": 0.0,
        "precision_micro_mean": 0.14,
        "precision_micro_std": 0.0,
        "recall_micro_mean": 0.14,
        "recall_micro_std": 0.0,
        "f1_micro_mean": 0.14,
        "f1_micro_std": 0.0,
        "acc_macro_mean": 0.14,
        "acc_macro_std": 0.0,
        "precision_macro_mean": 0.10969497481672598,
        "precision_macro_std": 0.0,
        "recall_macro_mean": 0.13999999999999999,
        "recall_macro_std": 0.0,
        "f1_macro_mean": 0.09791072691320792,
        "f1_macro_std": 0.0,
        "acc_weighted_mean": 0.14,
        "acc_weighted_std": 0.0,
        "precision_weighted_mean": 0.10969497481672598,
        "precision_weighted_std": 0.0,
        "recall_weighted_mean": 0.14,
        "recall_weighted_std": 0.0,
        "f1_weighted_mean": 0.09791072691320793,
        "f1_weighted_std": 0.0
    },
    "confusion_matrix": {
        "image_path": "results/transfer_learning/confusion_matrix_lightgbm_20251010_190829.png",
        "class_names": [
            "Anger",
            "Disgust",
            "Fear",
            "Happiness",
            "Neutral",
            "Sadness",
            "Surprise"
        ],
        "matrix": [
            [
                33,
                0,
                134,
                4,
                166,
                33,
                30
            ],
            [
                15,
                0,
                145,
                3,
                198,
                23,
                16
            ],
            [
                27,
                0,
                76,
                1,
                231,
                27,
                38
            ],
            [
                22,
                0,
                99,
                0,
                216,
                23,
                40
            ],
            [
                16,
                0,
                90,
                4,
                224,
                19,
                47
            ],
            [
                12,
                0,
                112,
                0,
                228,
                26,
                22
            ],
            [
                27,
                0,
                73,
                1,
                246,
                20,
                33
            ]
        ]
    }
}