{
    "timestamp": "2025-10-10T15:27:08.794318",
    "model_type": "LightGBM",
    "hyperparameters": {
        "objective": "multiclass",
        "num_class": 7,
        "metric": "multi_logloss",
        "boosting_type": "gbdt",
        "num_leaves": 93,
        "learning_rate": 0.038049511627898,
        "feature_fraction": 0.6405117415338789,
        "bagging_fraction": 0.8627714831811072,
        "bagging_freq": 9,
        "verbose": -1,
        "random_state": 42
    },
    "hyperparameter_optimization": {
        "enabled": true,
        "n_trials": 50
    },
    "data_info": {
        "csv_path": "./embeddings/interno/embeddings_hubert_base_ls960.csv",
        "train_dataset": "interno",
        "test_dataset": "externo",
        "embedding_dim": 768,
        "num_classes": 7,
        "label_to_idx": {
            "Anger": 0,
            "Disgust": 1,
            "Fear": 2,
            "Happiness": 3,
            "Neutral": 4,
            "Sadness": 5,
            "Surprise": 6
        },
        "train_val_segments": 586,
        "test_segments": 2800
    },
    "k_fold_cross_validation": {
        "n_folds": 3,
        "random_state": 42,
        "individual_folds": [
            {
                "acc_micro": 0.7857142857142857,
                "precision_micro": 0.7857142857142857,
                "recall_micro": 0.7857142857142857,
                "f1_micro": 0.7857142857142857,
                "acc_macro": 0.7857142857142857,
                "precision_macro": 0.2244373560163034,
                "recall_macro": 0.20476190476190478,
                "f1_macro": 0.20398101362731588,
                "acc_weighted": 0.7857142857142857,
                "precision_weighted": 0.6882123724228988,
                "recall_weighted": 0.7857142857142857,
                "f1_weighted": 0.722926499316026,
                "fold": 1
            },
            {
                "acc_micro": 0.8135593220338984,
                "precision_micro": 0.8135593220338984,
                "recall_micro": 0.8135593220338984,
                "f1_micro": 0.8135593220338984,
                "acc_macro": 0.8135593220338984,
                "precision_macro": 0.16271186440677968,
                "recall_macro": 0.2,
                "f1_macro": 0.17943925233644858,
                "acc_weighted": 0.8135593220338984,
                "precision_weighted": 0.6618787704682563,
                "recall_weighted": 0.8135593220338984,
                "f1_weighted": 0.7299223823855536,
                "fold": 2
            },
            {
                "acc_micro": 0.9125874125874126,
                "precision_micro": 0.9125874125874126,
                "recall_micro": 0.9125874125874126,
                "f1_micro": 0.9125874125874126,
                "acc_macro": 0.9125874125874126,
                "precision_macro": 0.1888154550076258,
                "recall_macro": 0.18203770057641377,
                "f1_macro": 0.18389897395422256,
                "acc_weighted": 0.9125874125874126,
                "precision_weighted": 0.8541522534405097,
                "recall_weighted": 0.9125874125874126,
                "f1_weighted": 0.882065448363791,
                "fold": 3
            }
        ],
        "aggregated_metrics": {
            "acc_micro_mean": 0.8372870067785322,
            "acc_micro_std": 0.054445384549697676,
            "precision_micro_mean": 0.8372870067785322,
            "precision_micro_std": 0.054445384549697676,
            "recall_micro_mean": 0.8372870067785322,
            "recall_micro_std": 0.054445384549697676,
            "f1_micro_mean": 0.8372870067785322,
            "f1_micro_std": 0.054445384549697676,
            "acc_macro_mean": 0.8372870067785322,
            "acc_macro_std": 0.054445384549697676,
            "precision_macro_mean": 0.1919882251435696,
            "precision_macro_std": 0.02529899775829073,
            "recall_macro_mean": 0.1955998684461062,
            "recall_macro_std": 0.009784962348237928,
            "f1_macro_mean": 0.18910641330599565,
            "f1_macro_std": 0.010674348700389939,
            "acc_weighted_mean": 0.8372870067785322,
            "acc_weighted_std": 0.054445384549697676,
            "precision_weighted_mean": 0.7347477987772216,
            "precision_weighted_std": 0.0851133851324389,
            "recall_weighted_mean": 0.8372870067785322,
            "recall_weighted_std": 0.054445384549697676,
            "f1_weighted_mean": 0.7783047766884569,
            "f1_weighted_std": 0.07342544216127443
        }
    },
    "test_results": {
        "acc_micro_mean": 0.14285714285714285,
        "acc_micro_std": 0.0,
        "precision_micro_mean": 0.14285714285714285,
        "precision_micro_std": 0.0,
        "recall_micro_mean": 0.14285714285714285,
        "recall_micro_std": 0.0,
        "f1_micro_mean": 0.14285714285714285,
        "f1_micro_std": 0.0,
        "acc_macro_mean": 0.14285714285714285,
        "acc_macro_std": 0.0,
        "precision_macro_mean": 0.02042275094455223,
        "precision_macro_std": 0.0,
        "recall_macro_mean": 0.14285714285714285,
        "recall_macro_std": 0.0,
        "f1_macro_mean": 0.03573662110247476,
        "f1_macro_std": 0.0,
        "acc_weighted_mean": 0.14285714285714285,
        "acc_weighted_std": 0.0,
        "precision_weighted_mean": 0.02042275094455223,
        "precision_weighted_std": 0.0,
        "recall_weighted_mean": 0.14285714285714285,
        "recall_weighted_std": 0.0,
        "f1_weighted_mean": 0.035736621102474754,
        "f1_weighted_std": 0.0
    },
    "confusion_matrix": {
        "image_path": "results/transfer_learning/confusion_matrix_lightgbm_20251010_152708.png",
        "class_names": [
            "Anger",
            "Disgust",
            "Fear",
            "Happiness",
            "Neutral",
            "Sadness",
            "Surprise"
        ],
        "matrix": [
            [
                0,
                0,
                0,
                0,
                400,
                0,
                0
            ],
            [
                0,
                0,
                0,
                0,
                400,
                0,
                0
            ],
            [
                0,
                0,
                0,
                0,
                400,
                0,
                0
            ],
            [
                0,
                0,
                0,
                0,
                400,
                0,
                0
            ],
            [
                0,
                0,
                0,
                0,
                400,
                0,
                0
            ],
            [
                0,
                0,
                0,
                0,
                400,
                0,
                0
            ],
            [
                1,
                0,
                0,
                1,
                398,
                0,
                0
            ]
        ]
    }
}