{
    "timestamp": "2025-10-10T15:31:42.856397",
    "model_type": "XGBoost",
    "hyperparameters": {
        "objective": "multi:softprob",
        "num_class": 7,
        "eval_metric": "mlogloss",
        "max_depth": 3,
        "learning_rate": 0.026180247229114377,
        "subsample": 0.6121934785347376,
        "colsample_bytree": 0.693742050860394,
        "seed": 42
    },
    "hyperparameter_optimization": {
        "enabled": true,
        "n_trials": 50
    },
    "data_info": {
        "csv_path": "./embeddings/interno/embeddings_hubert_base_ls960.csv",
        "train_dataset": "interno",
        "test_dataset": "externo",
        "embedding_dim": 768,
        "num_classes": 7,
        "label_to_idx": {
            "Anger": 0,
            "Disgust": 1,
            "Fear": 2,
            "Happiness": 3,
            "Neutral": 4,
            "Sadness": 5,
            "Surprise": 6
        },
        "train_val_segments": 586,
        "test_segments": 2800
    },
    "k_fold_cross_validation": {
        "n_folds": 3,
        "random_state": 42,
        "individual_folds": [
            {
                "acc_micro": 0.7692307692307693,
                "precision_micro": 0.7692307692307693,
                "recall_micro": 0.7692307692307693,
                "f1_micro": 0.7692307692307693,
                "acc_macro": 0.7692307692307693,
                "precision_macro": 0.2070175438596491,
                "recall_macro": 0.23571428571428568,
                "f1_macro": 0.22019279553526128,
                "acc_weighted": 0.7692307692307693,
                "precision_weighted": 0.7005205320994794,
                "recall_weighted": 0.7692307692307693,
                "f1_weighted": 0.7330021576596919,
                "fold": 1
            },
            {
                "acc_micro": 0.8135593220338984,
                "precision_micro": 0.8135593220338984,
                "recall_micro": 0.8135593220338984,
                "f1_micro": 0.8135593220338984,
                "acc_macro": 0.8135593220338984,
                "precision_macro": 0.16271186440677968,
                "recall_macro": 0.2,
                "f1_macro": 0.17943925233644858,
                "acc_weighted": 0.8135593220338984,
                "precision_weighted": 0.6618787704682563,
                "recall_weighted": 0.8135593220338984,
                "f1_weighted": 0.7299223823855536,
                "fold": 2
            },
            {
                "acc_micro": 0.9125874125874126,
                "precision_micro": 0.9125874125874126,
                "recall_micro": 0.9125874125874126,
                "f1_micro": 0.9125874125874126,
                "acc_macro": 0.9125874125874126,
                "precision_macro": 0.1888154550076258,
                "recall_macro": 0.18203770057641377,
                "f1_macro": 0.18389897395422256,
                "acc_weighted": 0.9125874125874126,
                "precision_weighted": 0.8541522534405097,
                "recall_weighted": 0.9125874125874126,
                "f1_weighted": 0.882065448363791,
                "fold": 3
            }
        ],
        "aggregated_metrics": {
            "acc_micro_mean": 0.8317925012840267,
            "acc_micro_std": 0.05992839292464767,
            "precision_micro_mean": 0.8317925012840267,
            "precision_micro_std": 0.05992839292464767,
            "recall_micro_mean": 0.8317925012840267,
            "recall_micro_std": 0.05992839292464767,
            "f1_micro_mean": 0.8317925012840267,
            "f1_micro_std": 0.05992839292464767,
            "acc_macro_mean": 0.8317925012840267,
            "acc_macro_std": 0.05992839292464767,
            "precision_macro_mean": 0.18618162109135153,
            "precision_macro_std": 0.018183346204132166,
            "recall_macro_mean": 0.2059173287635665,
            "recall_macro_std": 0.022309266128493203,
            "f1_macro_mean": 0.19451034060864414,
            "f1_macro_std": 0.01825127662238637,
            "acc_weighted_mean": 0.8317925012840267,
            "acc_weighted_std": 0.05992839292464767,
            "precision_weighted_mean": 0.7388505186694152,
            "precision_weighted_std": 0.08304281613083277,
            "recall_weighted_mean": 0.8317925012840267,
            "recall_weighted_std": 0.05992839292464767,
            "f1_weighted_mean": 0.7816633294696788,
            "f1_weighted_std": 0.07100615167131821
        }
    },
    "test_results": {
        "acc_micro_mean": 0.14357142857142857,
        "acc_micro_std": 0.0,
        "precision_micro_mean": 0.14357142857142857,
        "precision_micro_std": 0.0,
        "recall_micro_mean": 0.14357142857142857,
        "recall_micro_std": 0.0,
        "f1_micro_mean": 0.14357142857142857,
        "f1_micro_std": 0.0,
        "acc_macro_mean": 0.14357142857142857,
        "acc_macro_std": 0.0,
        "precision_macro_mean": 0.07761682960536419,
        "precision_macro_std": 0.0,
        "recall_macro_mean": 0.14357142857142854,
        "recall_macro_std": 0.0,
        "f1_macro_mean": 0.037225950189493484,
        "f1_macro_std": 0.0,
        "acc_weighted_mean": 0.14357142857142857,
        "acc_weighted_std": 0.0,
        "precision_weighted_mean": 0.07761682960536419,
        "precision_weighted_std": 0.0,
        "recall_weighted_mean": 0.14357142857142857,
        "recall_weighted_std": 0.0,
        "f1_weighted_mean": 0.03722595018949349,
        "f1_weighted_std": 0.0
    },
    "confusion_matrix": {
        "image_path": "results/transfer_learning/confusion_matrix_xgboost_20251010_153142.png",
        "class_names": [
            "Anger",
            "Disgust",
            "Fear",
            "Happiness",
            "Neutral",
            "Sadness",
            "Surprise"
        ],
        "matrix": [
            [
                0,
                0,
                0,
                1,
                399,
                0,
                0
            ],
            [
                0,
                0,
                0,
                0,
                400,
                0,
                0
            ],
            [
                0,
                0,
                0,
                0,
                400,
                0,
                0
            ],
            [
                0,
                0,
                0,
                2,
                397,
                0,
                1
            ],
            [
                0,
                0,
                0,
                0,
                400,
                0,
                0
            ],
            [
                0,
                0,
                0,
                0,
                399,
                0,
                1
            ],
            [
                2,
                0,
                0,
                2,
                396,
                0,
                0
            ]
        ]
    }
}