{
    "timestamp": "2025-10-08T12:07:51.933656",
    "hyperparameters": {
        "model_name": "wav2vec2_large_960h_lv60_self",
        "rnn_type": "gru",
        "strategy": "full_context",
        "bidirectional": true,
        "epochs": 20,
        "batch_size": 8,
        "learning_rate": 0.003,
        "hidden_size": 256,
        "num_layers": 2,
        "k_folds": 3,
        "use_class_weights": false,
        "embedding_dim": 1024,
        "num_classes": 7,
        "train_dataset": "externo",
        "test_dataset": "interno"
    },
    "class_weights": null,
    "data_splits": {
        "train_size": 1764,
        "val_size": 196,
        "test_size": 4
    },
    "label_mapping": {
        "label_to_idx": {
            "Anger": 0,
            "Disgust": 1,
            "Fear": 2,
            "Happiness": 3,
            "Neutral": 4,
            "Sadness": 5,
            "Surprise": 6
        },
        "idx_to_label": {
            "0": "Anger",
            "1": "Disgust",
            "2": "Fear",
            "3": "Happiness",
            "4": "Neutral",
            "5": "Sadness",
            "6": "Surprise"
        }
    },
    "k_fold_cross_validation": {
        "n_folds": 3,
        "strategy": "StratifiedKFold",
        "individual_folds": [
            {
                "fold": 1,
                "val_loss": 1.4735270738601685,
                "val_acc_micro": 0.37003058195114136,
                "val_precision_micro": 0.37003058195114136,
                "val_recall_micro": 0.37003058195114136,
                "val_f1_micro": 0.37003058195114136,
                "val_acc_macro": 0.1961810439825058,
                "val_precision_macro": 0.2750934958457947,
                "val_recall_macro": 0.1961810439825058,
                "val_f1_macro": 0.2188107818365097,
                "val_acc_weighted": 0.37003058195114136,
                "val_precision_weighted": 0.619520902633667,
                "val_recall_weighted": 0.37003058195114136,
                "val_f1_weighted": 0.4397720992565155,
                "checkpoint": "./checkpoints/fold_1/wav2vec2_large_960h_lv60_self-gru-full_context-epoch=17-val_loss=1.47-v1.ckpt"
            },
            {
                "fold": 2,
                "val_loss": 1.4303737878799438,
                "val_acc_micro": 0.35987749695777893,
                "val_precision_micro": 0.35987749695777893,
                "val_recall_micro": 0.35987749695777893,
                "val_f1_micro": 0.35987749695777893,
                "val_acc_macro": 0.18501420319080353,
                "val_precision_macro": 0.2721153199672699,
                "val_recall_macro": 0.18501420319080353,
                "val_f1_macro": 0.2054198682308197,
                "val_acc_weighted": 0.35987749695777893,
                "val_precision_weighted": 0.6538686156272888,
                "val_recall_weighted": 0.35987749695777893,
                "val_f1_weighted": 0.42906704545021057,
                "checkpoint": "./checkpoints/fold_2/wav2vec2_large_960h_lv60_self-gru-full_context-epoch=18-val_loss=1.43-v1.ckpt"
            },
            {
                "fold": 3,
                "val_loss": 1.432705044746399,
                "val_acc_micro": 0.36753445863723755,
                "val_precision_micro": 0.36753445863723755,
                "val_recall_micro": 0.36753445863723755,
                "val_f1_micro": 0.36753445863723755,
                "val_acc_macro": 0.16157150268554688,
                "val_precision_macro": 0.3077845871448517,
                "val_recall_macro": 0.16157150268554688,
                "val_f1_macro": 0.19602695107460022,
                "val_acc_weighted": 0.36753445863723755,
                "val_precision_weighted": 0.8621745705604553,
                "val_recall_weighted": 0.36753445863723755,
                "val_f1_weighted": 0.47609344124794006,
                "checkpoint": "./checkpoints/fold_3/wav2vec2_large_960h_lv60_self-gru-full_context-epoch=19-val_loss=1.43-v1.ckpt"
            }
        ],
        "aggregated_metrics": {
            "val_loss_mean": 1.4455353021621704,
            "val_loss_std": 0.019816039828700754,
            "val_acc_micro_mean": 0.3658141791820526,
            "val_acc_micro_std": 0.0043197843135631105,
            "val_acc_macro_mean": 0.18092224995295206,
            "val_acc_macro_std": 0.014422508985888427,
            "val_acc_weighted_mean": 0.3658141791820526,
            "val_acc_weighted_std": 0.0043197843135631105,
            "val_f1_micro_mean": 0.3658141791820526,
            "val_f1_micro_std": 0.0043197843135631105,
            "val_f1_macro_mean": 0.20675253371397653,
            "val_f1_macro_std": 0.009349072467873715,
            "val_f1_weighted_mean": 0.44831086198488873,
            "val_f1_weighted_std": 0.020125495060242523,
            "val_precision_micro_mean": 0.3658141791820526,
            "val_precision_micro_std": 0.0043197843135631105,
            "val_precision_macro_mean": 0.2849978009859721,
            "val_precision_macro_std": 0.01615849828993476,
            "val_precision_weighted_mean": 0.7118546962738037,
            "val_precision_weighted_std": 0.10721315155999321,
            "val_recall_micro_mean": 0.3658141791820526,
            "val_recall_micro_std": 0.0043197843135631105,
            "val_recall_macro_mean": 0.18092224995295206,
            "val_recall_macro_std": 0.014422508985888427,
            "val_recall_weighted_mean": 0.3658141791820526,
            "val_recall_weighted_std": 0.0043197843135631105
        }
    },
    "test_results": {
        "loss_mean": 2.8957936763763428,
        "loss_std": 0.0,
        "acc_micro_mean": 0.031128404662013054,
        "acc_micro_std": 0.0,
        "precision_micro_mean": 0.031128404662013054,
        "precision_micro_std": 0.0,
        "recall_micro_mean": 0.031128404662013054,
        "recall_micro_std": 0.0,
        "f1_micro_mean": 0.031128404662013054,
        "f1_micro_std": 0.0,
        "acc_macro_mean": 0.1301020383834839,
        "acc_macro_std": 0.0,
        "precision_macro_mean": 0.009560804814100266,
        "precision_macro_std": 0.0,
        "recall_macro_mean": 0.1301020383834839,
        "recall_macro_std": 0.0,
        "f1_macro_mean": 0.016570089384913445,
        "f1_macro_std": 0.0,
        "acc_weighted_mean": 0.031128404662013054,
        "acc_weighted_std": 0.0,
        "precision_weighted_mean": 0.0018843908328562975,
        "precision_weighted_std": 0.0,
        "recall_weighted_mean": 0.031128404662013054,
        "recall_weighted_std": 0.0,
        "f1_weighted_mean": 0.0033595373388379812,
        "f1_weighted_std": 0.0
    },
    "confusion_matrix": {
        "image_path": "results/transfer_learning/confusion_matrix_wav2vec2_large_960h_lv60_self_gru_full_context_20251008_120751.png",
        "class_names": [
            "Anger",
            "Disgust",
            "Fear",
            "Happiness",
            "Neutral",
            "Sadness",
            "Surprise"
        ],