{
    "timestamp": "2025-10-11T16:56:27.166196",
    "model_type": "Gradient Boosting",
    "hyperparameters": {
        "n_estimators": 134,
        "learning_rate": 0.04149294609205484,
        "max_depth": 6,
        "min_samples_split": 2,
        "min_samples_leaf": 8,
        "subsample": 0.8001634961822022
    },
    "hyperparameter_optimization": {
        "enabled": true,
        "n_trials": 50
    },
    "data_info": {
        "csv_path": "./embeddings/interno/embeddings_wav2vec2_large_xlsr_53_portuguese.csv",
        "train_dataset": "interno",
        "test_dataset": "externo",
        "embedding_dim": 1024,
        "num_classes": 7,
        "label_to_idx": {
            "Anger": 0,
            "Disgust": 1,
            "Fear": 2,
            "Happiness": 3,
            "Neutral": 4,
            "Sadness": 5,
            "Surprise": 6
        },
        "train_val_segments": 586,
        "test_segments": 2800
    },
    "k_fold_cross_validation": {
        "n_folds": 3,
        "random_state": 42,
        "individual_folds": [
            {
                "acc_micro": 0.7087912087912088,
                "precision_micro": 0.7087912087912088,
                "recall_micro": 0.7087912087912088,
                "f1_micro": 0.7087912087912088,
                "acc_macro": 0.7087912087912088,
                "precision_macro": 0.28019323671497587,
                "recall_macro": 0.3000180375180375,
                "f1_macro": 0.28074614611716203,
                "acc_weighted": 0.7087912087912088,
                "precision_weighted": 0.7178790412486066,
                "recall_weighted": 0.7087912087912088,
                "f1_weighted": 0.7114938539421245,
                "fold": 1
            },
            {
                "acc_micro": 0.8135593220338984,
                "precision_micro": 0.8135593220338984,
                "recall_micro": 0.8135593220338984,
                "f1_micro": 0.8135593220338984,
                "acc_macro": 0.8135593220338984,
                "precision_macro": 0.16271186440677968,
                "recall_macro": 0.2,
                "f1_macro": 0.17943925233644858,
                "acc_weighted": 0.8135593220338984,
                "precision_weighted": 0.6618787704682563,
                "recall_weighted": 0.8135593220338984,
                "f1_weighted": 0.7299223823855536,
                "fold": 2
            },
            {
                "acc_micro": 0.9125874125874126,
                "precision_micro": 0.9125874125874126,
                "recall_micro": 0.9125874125874126,
                "f1_micro": 0.9125874125874126,
                "acc_macro": 0.9125874125874126,
                "precision_macro": 0.2269106931028639,
                "recall_macro": 0.18203770057641377,
                "f1_macro": 0.19342278347803207,
                "acc_weighted": 0.9125874125874126,
                "precision_weighted": 0.8606790599673162,
                "recall_weighted": 0.9125874125874126,
                "f1_weighted": 0.8836971499954925,
                "fold": 3
            }
        ],
        "aggregated_metrics": {
            "acc_micro_mean": 0.8116459811375066,
            "acc_micro_std": 0.08321045136870452,
            "precision_micro_mean": 0.8116459811375066,
            "precision_micro_std": 0.08321045136870452,
            "recall_micro_mean": 0.8116459811375066,
            "recall_micro_std": 0.08321045136870452,
            "f1_micro_mean": 0.8116459811375066,
            "f1_micro_std": 0.08321045136870452,
            "acc_macro_mean": 0.8116459811375066,
            "acc_macro_std": 0.08321045136870452,
            "precision_macro_mean": 0.22327193140820648,
            "precision_macro_std": 0.048030536466274115,
            "recall_macro_mean": 0.22735191269815044,
            "recall_macro_std": 0.05190334171900816,
            "f1_macro_mean": 0.21786939397721425,
            "f1_macro_std": 0.04482558239479053,
            "acc_weighted_mean": 0.8116459811375066,
            "acc_weighted_std": 0.08321045136870452,
            "precision_weighted_mean": 0.746812290561393,
            "precision_weighted_std": 0.08369881904015293,
            "recall_weighted_mean": 0.8116459811375066,
            "recall_weighted_std": 0.08321045136870452,
            "f1_weighted_mean": 0.7750377954410569,
            "f1_weighted_std": 0.07720122695176758
        }
    },
    "test_results": {
        "acc_micro_mean": 0.15107142857142858,
        "acc_micro_std": 0.0,
        "precision_micro_mean": 0.15107142857142858,
        "precision_micro_std": 0.0,
        "recall_micro_mean": 0.15107142857142858,
        "recall_micro_std": 0.0,
        "f1_micro_mean": 0.15107142857142858,
        "f1_micro_std": 0.0,
        "acc_macro_mean": 0.15107142857142858,
        "acc_macro_std": 0.0,
        "precision_macro_mean": 0.042550847818980345,
        "precision_macro_std": 0.0,
        "recall_macro_mean": 0.15107142857142858,
        "recall_macro_std": 0.0,
        "f1_macro_mean": 0.06288692798352012,
        "f1_macro_std": 0.0,
        "acc_weighted_mean": 0.15107142857142858,
        "acc_weighted_std": 0.0,
        "precision_weighted_mean": 0.042550847818980345,
        "precision_weighted_std": 0.0,
        "recall_weighted_mean": 0.15107142857142858,
        "recall_weighted_std": 0.0,
        "f1_weighted_mean": 0.06288692798352012,
        "f1_weighted_std": 0.0
    },
    "confusion_matrix": {
        "image_path": "results/transfer_learning/confusion_matrix_gradient_boosting_20251011_165626.png",
        "class_names": [
            "Anger",
            "Disgust",
            "Fear",
            "Happiness",
            "Neutral",
            "Sadness",
            "Surprise"
        ],
        "matrix": [
            [
                99,
                0,
                0,
                0,
                0,
                0,
                301
            ],
            [
                136,
                0,
                0,
                0,
                0,
                0,
                264
            ],
            [
                90,
                0,
                0,
                0,
                0,
                0,
                310
            ],
            [
                84,
                0,
                0,
                0,
                0,
                0,
                316
            ],
            [
                98,
                0,
                0,
                0,
                0,
                0,
                302
            ],
            [
                101,
                0,
                0,
                0,
                0,
                0,
                299
            ],
            [
                76,
                0,
                0,
                0,
                0,
                0,
                324
            ]
        ]
    }
}