{
    "timestamp": "2025-10-08T13:21:37.798741",
    "model_type": "Extra Trees",
    "hyperparameters": {
        "n_estimators": 193,
        "max_depth": 43,
        "min_samples_split": 2,
        "min_samples_leaf": 2,
        "max_features": null
    },
    "hyperparameter_optimization": {
        "enabled": true,
        "n_trials": 50
    },
    "data_info": {
        "csv_path": "./embeddings/externo/embeddings_hubert_base_ls960.csv",
        "train_dataset": "externo",
        "test_dataset": "interno",
        "embedding_dim": 768,
        "num_classes": 7,
        "label_to_idx": {
            "Anger": 0,
            "Disgust": 1,
            "Fear": 2,
            "Happiness": 3,
            "Neutral": 4,
            "Sadness": 5,
            "Surprise": 6
        },
        "train_val_segments": 1960,
        "test_segments": 771
    },
    "k_fold_cross_validation": {
        "n_folds": 3,
        "random_state": 42,
        "individual_folds": [
            {
                "acc_micro": 0.9923547400611621,
                "precision_micro": 0.9923547400611621,
                "recall_micro": 0.9923547400611621,
                "f1_micro": 0.9923547400611621,
                "acc_macro": 0.9923547400611621,
                "precision_macro": 0.9925742190527866,
                "recall_macro": 0.9924012158054712,
                "f1_macro": 0.9923837130652396,
                "acc_weighted": 0.9923547400611621,
                "precision_weighted": 0.9925609920004779,
                "recall_weighted": 0.9923547400611621,
                "f1_weighted": 0.9923533967810398,
                "fold": 1
            },
            {
                "acc_micro": 0.9846860643185299,
                "precision_micro": 0.9846860643185299,
                "recall_micro": 0.9846860643185299,
                "f1_micro": 0.9846860643185299,
                "acc_macro": 0.9846860643185299,
                "precision_macro": 0.9849212462383955,
                "recall_macro": 0.9846546478697116,
                "f1_macro": 0.9846689788875816,
                "acc_weighted": 0.9846860643185299,
                "precision_weighted": 0.9849523497857962,
                "recall_weighted": 0.9846860643185299,
                "f1_weighted": 0.9847003486923882,
                "fold": 2
            },
            {
                "acc_micro": 0.9816232771822359,
                "precision_micro": 0.9816232771822359,
                "recall_micro": 0.9816232771822359,
                "f1_micro": 0.9816232771822359,
                "acc_macro": 0.9816232771822359,
                "precision_macro": 0.9818049910958125,
                "recall_macro": 0.981615489441278,
                "f1_macro": 0.9815488165256977,
                "acc_weighted": 0.9816232771822359,
                "precision_weighted": 0.9817663432870751,
                "recall_weighted": 0.9816232771822359,
                "f1_weighted": 0.9815333498671479,
                "fold": 3
            }
        ],
        "aggregated_metrics": {
            "acc_micro_mean": 0.9862213605206426,
            "acc_micro_std": 0.004513603490310097,
            "precision_micro_mean": 0.9862213605206426,
            "precision_micro_std": 0.004513603490310097,
            "recall_micro_mean": 0.9862213605206426,
            "recall_micro_std": 0.004513603490310097,
            "f1_micro_mean": 0.9862213605206426,
            "f1_micro_std": 0.004513603490310097,
            "acc_macro_mean": 0.9862213605206426,
            "acc_macro_std": 0.004513603490310097,
            "precision_macro_mean": 0.9864334854623316,
            "precision_macro_std": 0.004524689182704614,
            "recall_macro_mean": 0.9862237843721536,
            "recall_macro_std": 0.0045408967780447285,
            "f1_macro_mean": 0.986200502826173,
            "f1_macro_std": 0.0045539667643717165,
            "acc_weighted_mean": 0.9862213605206426,
            "acc_weighted_std": 0.004513603490310097,
            "precision_weighted_mean": 0.9864265616911164,
            "precision_weighted_std": 0.004528508641026889,
            "recall_weighted_mean": 0.9862213605206426,
            "recall_weighted_std": 0.004513603490310097,
            "f1_weighted_mean": 0.9861956984468586,
            "f1_weighted_std": 0.004542055846629491
        }
    },
    "test_results": {
        "acc_micro_mean": 0.020752269779507133,
        "acc_micro_std": 0.0,
        "precision_micro_mean": 0.020752269779507133,
        "precision_micro_std": 0.0,
        "recall_micro_mean": 0.020752269779507133,
        "recall_micro_std": 0.0,
        "f1_micro_mean": 0.020752269779507133,
        "f1_micro_std": 0.0,
        "acc_macro_mean": 0.020752269779507133,
        "acc_macro_std": 0.0,
        "precision_macro_mean": 0.01139119870053836,
        "precision_macro_std": 0.0,
        "recall_macro_mean": 0.1509433962264151,
        "recall_macro_std": 0.0,
        "f1_macro_mean": 0.016862736830269297,
        "f1_macro_std": 0.0,
        "acc_weighted_mean": 0.020752269779507133,
        "acc_weighted_std": 0.0,
        "precision_weighted_mean": 0.0037250617604714844,
        "precision_weighted_std": 0.0,
        "recall_weighted_mean": 0.020752269779507133,
        "recall_weighted_std": 0.0,
        "f1_weighted_mean": 0.004736587156113156,
        "f1_weighted_std": 0.0
    },
    "confusion_matrix": {
        "image_path": "results/transfer_learning/confusion_matrix_extra_trees_20251008_132137.png",
        "class_names": [
            "Anger",
            "Disgust",
            "Fear",
            "Happiness",
            "Neutral",
            "Sadness",
            "Surprise"
        ],
        "matrix": [
            [
                0,
                5,
                0,
                0,
                0,
                0,
                23
            ],
            [
                0,
                1,
                0,
                1,
                0,
                0,
                2
            ],
            [
                0,
                1,
                0,
                1,
                0,
                1,
                0
            ],
            [
                0,
                14,
                0,
                3,
                0,
                0,
                36
            ],
            [
                2,
                305,
                0,
                63,
                0,
                0,
                292
            ],
            [
                0,
                2,
                0,
                0,
                0,
                0,
                3
            ],
            [
                0,
                4,
                0,
                0,
                0,
                0,
                12
            ]
        ]
    }
}