{
    "timestamp": "2025-10-06T20:06:16.018867",
    "model_type": "Gradient Boosting",
    "hyperparameters": {
        "n_estimators": 300,
        "learning_rate": 0.01015494009498018,
        "max_depth": 3,
        "min_samples_split": 7,
        "min_samples_leaf": 8,
        "subsample": 0.6119868629523426
    },
    "hyperparameter_optimization": {
        "enabled": true,
        "n_trials": 50
    },
    "data_info": {
        "csv_path": "./embeddings/embeddings_wav2vec2_large_960h_lv60_self.csv",
        "embedding_dim": 1024,
        "num_classes": 7,
        "label_to_idx": {
            "Anger": 0,
            "Disgust": 1,
            "Fear": 2,
            "Happiness": 3,
            "Neutral": 4,
            "Sadness": 5,
            "Surprise": 6
        },
        "train_val_segments": 586,
        "test_segments": 185
    },
    "k_fold_cross_validation": {
        "n_folds": 3,
        "random_state": 42,
        "individual_folds": [
            {
                "acc_micro": 0.7252747252747253,
                "precision_micro": 0.7252747252747253,
                "recall_micro": 0.7252747252747253,
                "f1_micro": 0.7252747252747253,
                "acc_macro": 0.7252747252747253,
                "precision_macro": 0.19533248081841434,
                "recall_macro": 0.23769841269841271,
                "f1_macro": 0.2091787439613527,
                "acc_weighted": 0.7252747252747253,
                "precision_weighted": 0.7075545937438521,
                "recall_weighted": 0.7252747252747253,
                "f1_weighted": 0.7104953017996497,
                "fold": 1
            },
            {
                "acc_micro": 0.8135593220338984,
                "precision_micro": 0.8135593220338984,
                "recall_micro": 0.8135593220338984,
                "f1_micro": 0.8135593220338984,
                "acc_macro": 0.8135593220338984,
                "precision_macro": 0.16271186440677968,
                "recall_macro": 0.2,
                "f1_macro": 0.17943925233644858,
                "acc_weighted": 0.8135593220338984,
                "precision_weighted": 0.6618787704682563,
                "recall_weighted": 0.8135593220338984,
                "f1_weighted": 0.7299223823855536,
                "fold": 2
            },
            {
                "acc_micro": 0.9020979020979021,
                "precision_micro": 0.9020979020979021,
                "recall_micro": 0.9020979020979021,
                "f1_micro": 0.9020979020979021,
                "acc_macro": 0.9020979020979021,
                "precision_macro": 0.27397959183673465,
                "recall_macro": 0.16053902477021342,
                "f1_macro": 0.17119135477069056,
                "acc_weighted": 0.9020979020979021,
                "precision_weighted": 0.8653096903096903,
                "recall_weighted": 0.9020979020979021,
                "f1_weighted": 0.8748774288442185,
                "fold": 3
            }
        ],
        "aggregated_metrics": {
            "acc_micro_mean": 0.8136439831355086,
            "acc_micro_std": 0.07218778447487594,
            "precision_micro_mean": 0.8136439831355086,
            "precision_micro_std": 0.07218778447487594,
            "recall_micro_mean": 0.8136439831355086,
            "recall_micro_std": 0.07218778447487594,
            "f1_micro_mean": 0.8136439831355086,
            "f1_micro_std": 0.07218778447487594,
            "acc_macro_mean": 0.8136439831355086,
            "acc_macro_std": 0.07218778447487594,
            "precision_macro_mean": 0.21067464568730956,
            "precision_macro_std": 0.046702343331678484,
            "recall_macro_mean": 0.19941247915620872,
            "recall_macro_std": 0.03150292760913927,
            "f1_macro_mean": 0.1866031170228306,
            "f1_macro_std": 0.016314638668269717,
            "acc_weighted_mean": 0.8136439831355086,
            "acc_weighted_std": 0.07218778447487594,
            "precision_weighted_mean": 0.7449143515072661,
            "precision_weighted_std": 0.08715062980070282,
            "recall_weighted_mean": 0.8136439831355086,
            "recall_weighted_std": 0.07218778447487594,
            "f1_weighted_mean": 0.7717650376764739,
            "f1_weighted_std": 0.07334156063365561
        }
    },
    "test_results": {
        "acc_micro_mean": 0.7837837837837838,
        "acc_micro_std": 0.0,
        "precision_micro_mean": 0.7837837837837838,
        "precision_micro_std": 0.0,
        "recall_micro_mean": 0.7837837837837838,
        "recall_micro_std": 0.0,
        "f1_micro_mean": 0.7837837837837838,
        "f1_micro_std": 0.0,
        "acc_macro_mean": 0.7837837837837838,
        "acc_macro_std": 0.0,
        "precision_macro_mean": 0.17347037251495853,
        "precision_macro_std": 0.0,
        "recall_macro_mean": 0.18597560975609753,
        "recall_macro_std": 0.0,
        "f1_macro_mean": 0.17686763178791765,
        "f1_macro_std": 0.0,
        "acc_weighted_mean": 0.7837837837837838,
        "acc_weighted_std": 0.0,
        "precision_weighted_mean": 0.8106355342024132,
        "precision_weighted_std": 0.0,
        "recall_weighted_mean": 0.7837837837837838,
        "recall_weighted_std": 0.0,
        "f1_weighted_mean": 0.7957525419867366,
        "f1_weighted_std": 0.0
    },
    "confusion_matrix": {
        "image_path": "results/confusion_matrix_gradient_boosting_20251006_200615.png",
        "class_names": [
            "Anger",
            "Disgust",
            "Fear",
            "Happiness",
            "Neutral",
            "Sadness",
            "Surprise"
        ],
        "matrix": [
            [
                0,
                0,
                1,
                2,
                0,
                0
            ],
            [
                0,
                0,
                0,
                2,
                0,
                0
            ],
            [
                1,
                0,
                3,
                8,
                0,
                0
            ],
            [
                3,
                0,
                17,
                142,
                0,
                2
            ],
            [
                0,
                0,
                0,
                2,
                0,
                0
            ],
            [
                0,
                0,
                1,
                1,
                0,
                0
            ]
        ]
    }
}