{
    "timestamp": "2025-10-06T20:08:18.324145",
    "model_type": "SVM (RBF)",
    "hyperparameters": {
        "C": 0.31489116479568624,
        "gamma": 0.06351221010640701
    },
    "hyperparameter_optimization": {
        "enabled": true,
        "n_trials": 50
    },
    "data_info": {
        "csv_path": "./embeddings/embeddings_wav2vec2_large_960h_lv60_self.csv",
        "embedding_dim": 1024,
        "num_classes": 7,
        "label_to_idx": {
            "Anger": 0,
            "Disgust": 1,
            "Fear": 2,
            "Happiness": 3,
            "Neutral": 4,
            "Sadness": 5,
            "Surprise": 6
        },
        "train_val_segments": 586,
        "test_segments": 185
    },
    "k_fold_cross_validation": {
        "n_folds": 3,
        "random_state": 42,
        "individual_folds": [
            {
                "acc_micro": 0.7692307692307693,
                "precision_micro": 0.7692307692307693,
                "recall_micro": 0.7692307692307693,
                "f1_micro": 0.7692307692307693,
                "acc_macro": 0.7692307692307693,
                "precision_macro": 0.12820512820512822,
                "recall_macro": 0.16666666666666666,
                "f1_macro": 0.14492753623188406,
                "acc_weighted": 0.7692307692307693,
                "precision_weighted": 0.591715976331361,
                "recall_weighted": 0.7692307692307693,
                "f1_weighted": 0.6688963210702341,
                "fold": 1
            },
            {
                "acc_micro": 0.8135593220338984,
                "precision_micro": 0.8135593220338984,
                "recall_micro": 0.8135593220338984,
                "f1_micro": 0.8135593220338984,
                "acc_macro": 0.8135593220338984,
                "precision_macro": 0.16271186440677968,
                "recall_macro": 0.2,
                "f1_macro": 0.17943925233644858,
                "acc_weighted": 0.8135593220338984,
                "precision_weighted": 0.6618787704682563,
                "recall_weighted": 0.8135593220338984,
                "f1_weighted": 0.7299223823855536,
                "fold": 2
            },
            {
                "acc_micro": 0.916083916083916,
                "precision_micro": 0.916083916083916,
                "recall_micro": 0.916083916083916,
                "f1_micro": 0.916083916083916,
                "acc_macro": 0.916083916083916,
                "precision_macro": 0.13086913086913085,
                "recall_macro": 0.14285714285714285,
                "f1_macro": 0.13660062565172054,
                "acc_weighted": 0.916083916083916,
                "precision_weighted": 0.8392097413076434,
                "recall_weighted": 0.916083916083916,
                "f1_weighted": 0.8759634526057885,
                "fold": 3
            }
        ],
        "aggregated_metrics": {
            "acc_micro_mean": 0.8329580024495279,
            "acc_micro_std": 0.06150172510625898,
            "precision_micro_mean": 0.8329580024495279,
            "precision_micro_std": 0.06150172510625898,
            "recall_micro_mean": 0.8329580024495279,
            "recall_micro_std": 0.06150172510625898,
            "f1_micro_mean": 0.8329580024495279,
            "f1_micro_std": 0.06150172510625898,
            "acc_macro_mean": 0.8329580024495279,
            "acc_macro_std": 0.06150172510625898,
            "precision_macro_mean": 0.14059537449367956,
            "precision_macro_std": 0.015676491361390935,
            "recall_macro_mean": 0.16984126984126982,
            "recall_macro_std": 0.023436227079735562,
            "f1_macro_mean": 0.15365580474001775,
            "f1_macro_std": 0.01854587083281041,
            "acc_weighted_mean": 0.8329580024495279,
            "acc_weighted_std": 0.06150172510625898,
            "precision_weighted_mean": 0.6976014960357535,
            "precision_weighted_std": 0.1041485342095985,
            "recall_weighted_mean": 0.8329580024495279,
            "recall_weighted_std": 0.06150172510625898,
            "f1_weighted_mean": 0.758260718687192,
            "f1_weighted_std": 0.08687728977835811
        }
    },
    "test_results": {
        "acc_micro_mean": 0.8864864864864865,
        "acc_micro_std": 0.0,
        "precision_micro_mean": 0.8864864864864865,
        "precision_micro_std": 0.0,
        "recall_micro_mean": 0.8864864864864865,
        "recall_micro_std": 0.0,
        "f1_micro_mean": 0.8864864864864865,
        "f1_micro_std": 0.0,
        "acc_macro_mean": 0.8864864864864865,
        "acc_macro_std": 0.0,
        "precision_macro_mean": 0.14774774774774777,
        "precision_macro_std": 0.0,
        "recall_macro_mean": 0.16666666666666666,
        "recall_macro_std": 0.0,
        "f1_macro_mean": 0.15663801337153774,
        "f1_macro_std": 0.0,
        "acc_weighted_mean": 0.8864864864864865,
        "acc_weighted_std": 0.0,
        "precision_weighted_mean": 0.7858582907231557,
        "precision_weighted_std": 0.0,
        "recall_weighted_mean": 0.8864864864864865,
        "recall_weighted_std": 0.0,
        "f1_weighted_mean": 0.8331448927437467,
        "f1_weighted_std": 0.0
    },
    "confusion_matrix": {
        "image_path": "results/confusion_matrix_svm_rbf_20251006_200817.png",
        "class_names": [
            "Anger",
            "Disgust",
            "Fear",
            "Happiness",
            "Neutral",
            "Sadness",
            "Surprise"
        ],
        "matrix": [
            [
                0,
                0,
                0,
                3,
                0,
                0
            ],
            [
                0,
                0,
                0,
                2,
                0,
                0
            ],
            [
                0,
                0,
                0,
                12,
                0,
                0
            ],
            [
                0,
                0,
                0,
                164,
                0,
                0
            ],
            [
                0,
                0,
                0,
                2,
                0,
                0
            ],
            [
                0,
                0,
                0,
                2,
                0,
                0
            ]
        ]
    }
}