{
    "timestamp": "2025-10-06T15:38:54.289806",
    "model_type": "XGBoost",
    "hyperparameters": {
        "objective": "multi:softprob",
        "num_class": 7,
        "eval_metric": "mlogloss",
        "max_depth": 4,
        "learning_rate": 0.06356799981830781,
        "subsample": 0.9524299466571383,
        "colsample_bytree": 0.8182061169160243,
        "seed": 42
    },
    "hyperparameter_optimization": {
        "enabled": true,
        "n_trials": 50
    },
    "data_info": {
        "csv_path": "./embeddings/embeddings_wav2vec2_large_960h_lv60_self.csv",
        "embedding_dim": 1024,
        "num_classes": 7,
        "label_to_idx": {
            "Anger": 0,
            "Disgust": 1,
            "Fear": 2,
            "Happiness": 3,
            "Neutral": 4,
            "Sadness": 5,
            "Surprise": 6
        },
        "train_val_segments": 586,
        "test_segments": 185
    },
    "k_fold_cross_validation": {
        "n_folds": 3,
        "random_state": 42,
        "individual_folds": [
            {
                "acc_micro": 0.7472527472527473,
                "precision_micro": 0.7472527472527473,
                "recall_micro": 0.7472527472527473,
                "f1_micro": 0.7472527472527473,
                "acc_macro": 0.7472527472527473,
                "precision_macro": 0.19283628854233426,
                "recall_macro": 0.21944444444444444,
                "f1_macro": 0.20493595751327712,
                "acc_weighted": 0.7472527472527473,
                "precision_weighted": 0.6844127886640171,
                "recall_weighted": 0.7472527472527473,
                "f1_weighted": 0.7140900336776627,
                "fold": 1
            },
            {
                "acc_micro": 0.8135593220338984,
                "precision_micro": 0.8135593220338984,
                "recall_micro": 0.8135593220338984,
                "f1_micro": 0.8135593220338984,
                "acc_macro": 0.8135593220338984,
                "precision_macro": 0.16271186440677968,
                "recall_macro": 0.2,
                "f1_macro": 0.17943925233644858,
                "acc_weighted": 0.8135593220338984,
                "precision_weighted": 0.6618787704682563,
                "recall_weighted": 0.8135593220338984,
                "f1_weighted": 0.7299223823855536,
                "fold": 2
            },
            {
                "acc_micro": 0.9055944055944056,
                "precision_micro": 0.9055944055944056,
                "recall_micro": 0.9055944055944056,
                "f1_micro": 0.9055944055944056,
                "acc_macro": 0.9055944055944056,
                "precision_macro": 0.2025927808845958,
                "recall_macro": 0.16108428104066053,
                "f1_macro": 0.16749978075944924,
                "acc_weighted": 0.9055944055944056,
                "precision_weighted": 0.8533397207774432,
                "recall_weighted": 0.9055944055944056,
                "f1_weighted": 0.8759717875739975,
                "fold": 3
            }
        ],
        "aggregated_metrics": {
            "acc_micro_mean": 0.822135491627017,
            "acc_micro_std": 0.06492653902816663,
            "precision_micro_mean": 0.822135491627017,
            "precision_micro_std": 0.06492653902816663,
            "recall_micro_mean": 0.822135491627017,
            "recall_micro_std": 0.06492653902816663,
            "f1_micro_mean": 0.822135491627017,
            "f1_micro_std": 0.06492653902816663,
            "acc_macro_mean": 0.822135491627017,
            "acc_macro_std": 0.06492653902816663,
            "precision_macro_mean": 0.18604697794456992,
            "precision_macro_std": 0.016974351800531747,
            "recall_macro_mean": 0.19350957516170167,
            "recall_macro_std": 0.024263434478865382,
            "f1_macro_mean": 0.18395833020305832,
            "f1_macro_std": 0.015613741406409124,
            "acc_weighted_mean": 0.822135491627017,
            "acc_weighted_std": 0.06492653902816663,
            "precision_weighted_mean": 0.7332104266365721,
            "precision_weighted_std": 0.08544093857591396,
            "recall_weighted_mean": 0.822135491627017,
            "recall_weighted_std": 0.06492653902816663,
            "f1_weighted_mean": 0.7733280678790712,
            "f1_weighted_std": 0.07286730273133489
        }
    },
    "test_results": {
        "acc_micro_mean": 0.8486486486486486,
        "acc_micro_std": 0.0,
        "precision_micro_mean": 0.8486486486486486,
        "precision_micro_std": 0.0,
        "recall_micro_mean": 0.8486486486486486,
        "recall_micro_std": 0.0,
        "f1_micro_mean": 0.8486486486486486,
        "f1_micro_std": 0.0,
        "acc_macro_mean": 0.8486486486486486,
        "acc_macro_std": 0.0,
        "precision_macro_mean": 0.19191029705295293,
        "precision_macro_std": 0.0,
        "recall_macro_mean": 0.21104336043360436,
        "recall_macro_std": 0.0,
        "f1_macro_mean": 0.20005556134319546,
        "f1_macro_std": 0.0,
        "acc_weighted_mean": 0.8486486486486486,
        "acc_weighted_std": 0.0,
        "precision_weighted_mean": 0.8274325752310958,
        "precision_weighted_std": 0.0,
        "recall_weighted_mean": 0.8486486486486486,
        "recall_weighted_std": 0.0,
        "f1_weighted_mean": 0.8374250696159229,
        "f1_weighted_std": 0.0
    },
    "confusion_matrix": {
        "image_path": "results/confusion_matrix_xgboost_20251006_153853.png",
        "class_names": [
            "Anger",
            "Disgust",
            "Fear",
            "Happiness",
            "Neutral",
            "Sadness",
            "Surprise"
        ],
        "matrix": [
            [
                0,
                0,
                2,
                1,
                0,
                0
            ],
            [
                0,
                0,
                0,
                2,
                0,
                0
            ],
            [
                1,
                0,
                4,
                7,
                0,
                0
            ],
            [
                0,
                0,
                11,
                153,
                0,
                0
            ],
            [
                0,
                0,
                0,
                2,
                0,
                0
            ],
            [
                0,
                0,
                0,
                2,
                0,
                0
            ]
        ]
    }
}